test,question,fiche,réponses_cochées,lignes_avec_liens
1,1,questions/test-01/q001.md,1,1
1,2,questions/test-01/q002.md,1,3
1,3,questions/test-01/q003.md,1,1
1,4,questions/test-01/q004.md,1,4
1,5,questions/test-01/q005.md,1,1
1,6,questions/test-01/q006.md,1,1
1,7,questions/test-01/q007.md,1,1
1,8,questions/test-01/q008.md,1,2
1,9,questions/test-01/q009.md,1,1
1,10,questions/test-01/q010.md,1,1
1,11,questions/test-01/q011.md,1,3
1,12,questions/test-01/q012.md,1,3
1,13,questions/test-01/q013.md,1,3
1,14,questions/test-01/q014.md,1,2
1,15,questions/test-01/q015.md,1,2
1,16,questions/test-01/q016.md,1,2
1,17,questions/test-01/q017.md,1,2
1,18,questions/test-01/q018.md,1,1
1,19,questions/test-01/q019.md,1,1
1,20,questions/test-01/q020.md,1,2
1,21,questions/test-01/q021.md,1,2
1,22,questions/test-01/q022.md,1,2
1,23,questions/test-01/q023.md,1,3
1,24,questions/test-01/q024.md,1,2
1,25,questions/test-01/q025.md,1,2
1,26,questions/test-01/q026.md,1,2
1,27,questions/test-01/q027.md,1,1
1,28,questions/test-01/q028.md,1,1
1,29,questions/test-01/q029.md,1,1
1,30,questions/test-01/q030.md,1,1
1,31,questions/test-01/q031.md,1,1
1,32,questions/test-01/q032.md,1,1
1,33,questions/test-01/q033.md,1,1
1,34,questions/test-01/q034.md,1,1
1,35,questions/test-01/q035.md,1,1
1,36,questions/test-01/q036.md,1,2
1,37,questions/test-01/q037.md,1,2
1,38,questions/test-01/q038.md,1,2
1,39,questions/test-01/q039.md,2,1
1,40,questions/test-01/q040.md,1,3
1,41,questions/test-01/q041.md,1,4
1,42,questions/test-01/q042.md,1,3
1,43,questions/test-01/q043.md,1,1
1,44,questions/test-01/q044.md,1,1
1,45,questions/test-01/q045.md,1,3
1,46,questions/test-01/q046.md,1,3
1,47,questions/test-01/q047.md,1,3
1,48,questions/test-01/q048.md,1,1
1,49,questions/test-01/q049.md,1,1
1,50,questions/test-01/q050.md,1,1
1,51,questions/test-01/q051.md,2,2
1,52,questions/test-01/q052.md,1,3
1,53,questions/test-01/q053.md,1,2
1,54,questions/test-01/q054.md,1,2
1,55,questions/test-01/q055.md,1,2
1,56,questions/test-01/q056.md,1,2
1,57,questions/test-01/q057.md,1,2
1,58,questions/test-01/q058.md,1,2
1,59,questions/test-01/q059.md,1,3
1,60,questions/test-01/q060.md,1,3
1,61,questions/test-01/q061.md,1,3
1,62,questions/test-01/q062.md,1,3
1,63,questions/test-01/q063.md,1,2
1,64,questions/test-01/q064.md,1,3
1,65,questions/test-01/q065.md,1,2
1,66,questions/test-01/q066.md,1,2
1,67,questions/test-01/q067.md,1,1
1,68,questions/test-01/q068.md,1,1
1,69,questions/test-01/q069.md,1,2
1,70,questions/test-01/q070.md,1,2
1,71,questions/test-01/q071.md,1,5
1,72,questions/test-01/q072.md,1,2
1,73,questions/test-01/q073.md,1,2
1,74,questions/test-01/q074.md,1,2
1,75,questions/test-01/q075.md,1,3
1,76,questions/test-01/q076.md,1,4
1,77,questions/test-01/q077.md,1,3
1,78,questions/test-01/q078.md,1,4
1,79,questions/test-01/q079.md,1,2
1,80,questions/test-01/q080.md,1,3
1,81,questions/test-01/q081.md,1,2
1,82,questions/test-01/q082.md,1,3
2,1,questions/test-02/q001.md,2,1
2,2,questions/test-02/q002.md,1,1
2,3,questions/test-02/q003.md,1,2
2,4,questions/test-02/q004.md,1,1
2,5,questions/test-02/q005.md,1,2
2,6,questions/test-02/q006.md,1,1
2,7,questions/test-02/q007.md,2,1
2,8,questions/test-02/q008.md,1,1
2,9,questions/test-02/q009.md,1,1
2,10,questions/test-02/q010.md,1,2
2,11,questions/test-02/q011.md,1,3
2,12,questions/test-02/q012.md,1,1
2,13,questions/test-02/q013.md,2,1
2,14,questions/test-02/q014.md,1,1
2,15,questions/test-02/q015.md,1,4
2,16,questions/test-02/q016.md,1,1
2,17,questions/test-02/q017.md,1,2
2,18,questions/test-02/q018.md,1,2
2,19,questions/test-02/q019.md,1,2
2,20,questions/test-02/q020.md,1,1
2,21,questions/test-02/q021.md,1,1
2,22,questions/test-02/q022.md,1,1
2,23,questions/test-02/q023.md,1,1
2,24,questions/test-02/q024.md,1,1
2,25,questions/test-02/q025.md,1,1
2,26,questions/test-02/q026.md,1,1
2,27,questions/test-02/q027.md,1,2
2,28,questions/test-02/q028.md,1,1
2,29,questions/test-02/q029.md,1,2
2,30,questions/test-02/q030.md,1,2
2,31,questions/test-02/q031.md,1,1
2,32,questions/test-02/q032.md,1,1
2,33,questions/test-02/q033.md,1,2
2,34,questions/test-02/q034.md,1,2
2,35,questions/test-02/q035.md,1,1
2,36,questions/test-02/q036.md,1,2
2,37,questions/test-02/q037.md,1,1
2,38,questions/test-02/q038.md,1,1
2,39,questions/test-02/q039.md,1,1
2,40,questions/test-02/q040.md,1,1
2,41,questions/test-02/q041.md,1,1
2,42,questions/test-02/q042.md,1,1
2,43,questions/test-02/q043.md,1,3
2,58,questions/test-02/q058.md,1,3
2,59,questions/test-02/q059.md,1,3
2,60,questions/test-02/q060.md,1,3
2,61,questions/test-02/q061.md,1,2
2,62,questions/test-02/q062.md,1,2
2,63,questions/test-02/q063.md,1,2
2,64,questions/test-02/q064.md,1,2
2,65,questions/test-02/q065.md,1,1
2,66,questions/test-02/q066.md,1,5
2,67,questions/test-02/q067.md,1,5
2,68,questions/test-02/q068.md,1,2
2,69,questions/test-02/q069.md,1,1
2,70,questions/test-02/q070.md,1,2
2,71,questions/test-02/q071.md,1,2
2,72,questions/test-02/q072.md,1,2
2,73,questions/test-02/q073.md,1,3
2,74,questions/test-02/q074.md,1,2
2,75,questions/test-02/q075.md,1,3
2,76,questions/test-02/q076.md,1,3
2,77,questions/test-02/q077.md,1,3
2,78,questions/test-02/q078.md,1,3
2,79,questions/test-02/q079.md,1,3
2,80,questions/test-02/q080.md,2,3
2,81,questions/test-02/q081.md,2,2
2,82,questions/test-02/q082.md,2,3
2,83,questions/test-02/q083.md,1,2
2,84,questions/test-02/q084.md,1,2
2,85,questions/test-02/q085.md,1,2
2,86,questions/test-02/q086.md,2,3
2,87,questions/test-02/q087.md,1,4
2,88,questions/test-02/q088.md,1,4
2,89,questions/test-02/q089.md,1,3
2,90,questions/test-02/q090.md,1,1
3,1,questions/test-03/q001.md,1,2
3,2,questions/test-03/q002.md,1,2
3,3,questions/test-03/q003.md,1,2
3,4,questions/test-03/q004.md,1,1
3,5,questions/test-03/q005.md,1,2
3,6,questions/test-03/q006.md,1,1
3,7,questions/test-03/q007.md,1,1
3,8,questions/test-03/q008.md,1,2
3,9,questions/test-03/q009.md,1,2
3,10,questions/test-03/q010.md,1,2
3,11,questions/test-03/q011.md,1,1
3,12,questions/test-03/q012.md,1,1
3,13,questions/test-03/q013.md,1,3
3,14,questions/test-03/q014.md,1,1
3,15,questions/test-03/q015.md,1,2
3,16,questions/test-03/q016.md,1,1
3,17,questions/test-03/q017.md,1,1
3,18,questions/test-03/q018.md,1,2
3,19,questions/test-03/q019.md,1,1
3,20,questions/test-03/q020.md,1,1
3,21,questions/test-03/q021.md,1,1
3,22,questions/test-03/q022.md,1,1
3,23,questions/test-03/q023.md,1,1
3,24,questions/test-03/q024.md,1,1
3,25,questions/test-03/q025.md,1,1
3,26,questions/test-03/q026.md,1,1
3,27,questions/test-03/q027.md,1,2
3,28,questions/test-03/q028.md,1,2
3,29,questions/test-03/q029.md,1,6
3,30,questions/test-03/q030.md,1,1
3,31,questions/test-03/q031.md,1,1
3,32,questions/test-03/q032.md,1,1
3,33,questions/test-03/q033.md,1,2
3,34,questions/test-03/q034.md,1,2
3,35,questions/test-03/q035.md,1,1
3,36,questions/test-03/q036.md,1,1
3,37,questions/test-03/q037.md,1,1
3,38,questions/test-03/q038.md,1,2
3,39,questions/test-03/q039.md,1,1
3,40,questions/test-03/q040.md,1,1
3,41,questions/test-03/q041.md,1,1
3,42,questions/test-03/q042.md,1,1
3,43,questions/test-03/q043.md,1,1
3,44,questions/test-03/q044.md,1,1
3,45,questions/test-03/q045.md,1,1
3,46,questions/test-03/q046.md,1,1
3,47,questions/test-03/q047.md,1,1
3,48,questions/test-03/q048.md,3,2
3,49,questions/test-03/q049.md,1,2
3,50,questions/test-03/q050.md,1,2
3,51,questions/test-03/q051.md,2,5
3,52,questions/test-03/q052.md,1,1
3,53,questions/test-03/q053.md,1,1
3,54,questions/test-03/q054.md,1,1
3,55,questions/test-03/q055.md,1,2
3,56,questions/test-03/q056.md,1,2
3,57,questions/test-03/q057.md,1,1
3,58,questions/test-03/q058.md,1,2
3,59,questions/test-03/q059.md,1,1
3,60,questions/test-03/q060.md,1,1
3,61,questions/test-03/q061.md,1,2
3,62,questions/test-03/q062.md,1,2
3,63,questions/test-03/q063.md,1,3
3,64,questions/test-03/q064.md,1,2
3,65,questions/test-03/q065.md,1,2
3,66,questions/test-03/q066.md,1,2
3,67,questions/test-03/q067.md,1,4
3,68,questions/test-03/q068.md,1,2
3,69,questions/test-03/q069.md,1,2
3,70,questions/test-03/q070.md,1,3
3,71,questions/test-03/q071.md,1,3
3,72,questions/test-03/q072.md,1,2
3,73,questions/test-03/q073.md,1,1
3,74,questions/test-03/q074.md,1,1
3,75,questions/test-03/q075.md,1,3
3,76,questions/test-03/q076.md,1,2
3,77,questions/test-03/q077.md,1,2
3,78,questions/test-03/q078.md,1,3
3,79,questions/test-03/q079.md,1,3
3,80,questions/test-03/q080.md,1,5
3,81,questions/test-03/q081.md,1,2
3,82,questions/test-03/q082.md,1,2
3,83,questions/test-03/q083.md,1,2
3,84,questions/test-03/q084.md,1,2
3,85,questions/test-03/q085.md,1,2
3,86,questions/test-03/q086.md,1,2
3,87,questions/test-03/q087.md,1,2
3,88,questions/test-03/q088.md,1,2
3,89,questions/test-03/q089.md,1,4
3,90,questions/test-03/q090.md,1,2
4,1,questions/test-04/q001.md,1,3
4,2,questions/test-04/q002.md,1,1
4,3,questions/test-04/q003.md,1,2
4,4,questions/test-04/q004.md,1,2
4,5,questions/test-04/q005.md,1,3
4,6,questions/test-04/q006.md,1,2
4,7,questions/test-04/q007.md,1,2
4,8,questions/test-04/q008.md,1,2
4,9,questions/test-04/q009.md,1,2
4,10,questions/test-04/q010.md,1,2
4,11,questions/test-04/q011.md,1,2
4,12,questions/test-04/q012.md,1,3
4,13,questions/test-04/q013.md,1,4
4,14,questions/test-04/q014.md,1,3
4,15,questions/test-04/q015.md,1,3
4,16,questions/test-04/q016.md,1,2
4,17,questions/test-04/q017.md,1,2
4,18,questions/test-04/q018.md,1,2
4,19,questions/test-04/q019.md,1,2
4,20,questions/test-04/q020.md,1,1
4,21,questions/test-04/q021.md,1,1
4,22,questions/test-04/q022.md,1,10
4,23,questions/test-04/q023.md,1,2
4,24,questions/test-04/q024.md,1,2
4,25,questions/test-04/q025.md,1,3
4,26,questions/test-04/q026.md,1,2
4,27,questions/test-04/q027.md,1,1
4,28,questions/test-04/q028.md,1,1
4,29,questions/test-04/q029.md,1,1
4,30,questions/test-04/q030.md,1,1
4,31,questions/test-04/q031.md,1,1
4,32,questions/test-04/q032.md,1,1
4,33,questions/test-04/q033.md,1,2
4,34,questions/test-04/q034.md,1,2
4,35,questions/test-04/q035.md,1,1
4,36,questions/test-04/q036.md,1,1
4,37,questions/test-04/q037.md,1,1
4,38,questions/test-04/q038.md,1,3
4,39,questions/test-04/q039.md,1,3
4,40,questions/test-04/q040.md,1,2
4,41,questions/test-04/q041.md,1,4
4,42,questions/test-04/q042.md,1,1
4,43,questions/test-04/q043.md,1,1
4,44,questions/test-04/q044.md,1,1
4,45,questions/test-04/q045.md,1,2
4,46,questions/test-04/q046.md,1,1
4,47,questions/test-04/q047.md,1,2
4,48,questions/test-04/q048.md,1,2
4,49,questions/test-04/q049.md,1,2
4,50,questions/test-04/q050.md,1,2
4,51,questions/test-04/q051.md,1,1
4,52,questions/test-04/q052.md,1,1
4,53,questions/test-04/q053.md,1,1
4,54,questions/test-04/q054.md,1,1
4,55,questions/test-04/q055.md,1,1
4,56,questions/test-04/q056.md,1,3
4,57,questions/test-04/q057.md,1,2
4,58,questions/test-04/q058.md,1,1
4,59,questions/test-04/q059.md,1,2
4,60,questions/test-04/q060.md,1,2
4,61,questions/test-04/q061.md,1,1
4,62,questions/test-04/q062.md,1,1
4,63,questions/test-04/q063.md,1,1
4,64,questions/test-04/q064.md,1,4
4,65,questions/test-04/q065.md,1,3
4,66,questions/test-04/q066.md,1,2
4,67,questions/test-04/q067.md,1,2
4,68,questions/test-04/q068.md,2,4
4,69,questions/test-04/q069.md,1,3
4,70,questions/test-04/q070.md,1,3
4,71,questions/test-04/q071.md,1,2
4,72,questions/test-04/q072.md,1,3
4,73,questions/test-04/q073.md,1,1
4,74,questions/test-04/q074.md,1,3
4,75,questions/test-04/q075.md,1,3
4,76,questions/test-04/q076.md,1,4
4,77,questions/test-04/q077.md,1,2
4,78,questions/test-04/q078.md,3,5
4,79,questions/test-04/q079.md,1,3
4,80,questions/test-04/q080.md,1,2
4,81,questions/test-04/q081.md,1,2
4,82,questions/test-04/q082.md,1,2
4,83,questions/test-04/q083.md,1,2
4,84,questions/test-04/q084.md,1,1
4,85,questions/test-04/q085.md,2,2
4,86,questions/test-04/q086.md,1,2
4,87,questions/test-04/q087.md,1,3
4,88,questions/test-04/q088.md,1,1
5,1,questions/test-05/q001.md,1,1
5,2,questions/test-05/q002.md,1,3
5,3,questions/test-05/q003.md,1,1
5,4,questions/test-05/q004.md,1,1
5,5,questions/test-05/q005.md,1,1
5,6,questions/test-05/q006.md,1,1
5,7,questions/test-05/q007.md,1,1
5,8,questions/test-05/q008.md,1,1
5,9,questions/test-05/q009.md,1,1
5,10,questions/test-05/q010.md,1,1
5,11,questions/test-05/q011.md,1,2
5,12,questions/test-05/q012.md,1,1
5,13,questions/test-05/q013.md,1,5
5,14,questions/test-05/q014.md,1,1
5,15,questions/test-05/q015.md,1,1
5,16,questions/test-05/q016.md,1,1
5,17,questions/test-05/q017.md,1,2
5,18,questions/test-05/q018.md,1,2
5,19,questions/test-05/q019.md,1,1
5,20,questions/test-05/q020.md,1,2
5,21,questions/test-05/q021.md,1,1
5,22,questions/test-05/q022.md,1,1
5,23,questions/test-05/q023.md,1,1
5,24,questions/test-05/q024.md,1,2
5,25,questions/test-05/q025.md,1,1
5,26,questions/test-05/q026.md,1,1
5,27,questions/test-05/q027.md,1,1
5,28,questions/test-05/q028.md,1,1
5,29,questions/test-05/q029.md,1,1
5,30,questions/test-05/q030.md,1,2
5,31,questions/test-05/q031.md,1,1
5,32,questions/test-05/q032.md,1,1
5,33,questions/test-05/q033.md,1,2
5,34,questions/test-05/q034.md,1,1
5,35,questions/test-05/q035.md,1,2
5,36,questions/test-05/q036.md,1,2
5,37,questions/test-05/q037.md,1,2
5,38,questions/test-05/q038.md,1,1
5,39,questions/test-05/q039.md,1,1
5,40,questions/test-05/q040.md,1,3
5,41,questions/test-05/q041.md,1,2
5,42,questions/test-05/q042.md,1,2
5,43,questions/test-05/q043.md,1,1
5,44,questions/test-05/q044.md,3,2
5,45,questions/test-05/q045.md,1,1
5,46,questions/test-05/q046.md,1,1
5,64,questions/test-05/q064.md,1,3
5,65,questions/test-05/q065.md,1,3
5,66,questions/test-05/q066.md,1,3
5,67,questions/test-05/q067.md,1,2
5,68,questions/test-05/q068.md,1,1
5,69,questions/test-05/q069.md,1,1
5,70,questions/test-05/q070.md,1,15
5,71,questions/test-05/q071.md,1,2
5,72,questions/test-05/q072.md,1,1
5,73,questions/test-05/q073.md,1,5
5,74,questions/test-05/q074.md,1,5
5,75,questions/test-05/q075.md,1,4
5,76,questions/test-05/q076.md,1,3
5,77,questions/test-05/q077.md,1,4
5,78,questions/test-05/q078.md,1,2
5,79,questions/test-05/q079.md,1,4
5,80,questions/test-05/q080.md,1,4
5,81,questions/test-05/q081.md,1,3
5,82,questions/test-05/q082.md,1,3
5,83,questions/test-05/q083.md,1,3
5,84,questions/test-05/q084.md,1,3
5,85,questions/test-05/q085.md,1,3
5,86,questions/test-05/q086.md,1,3
5,87,questions/test-05/q087.md,1,3
5,88,questions/test-05/q088.md,1,3
5,89,questions/test-05/q089.md,1,3
5,90,questions/test-05/q090.md,1,3
6,1,questions/test-06/q001.md,1,2
6,2,questions/test-06/q002.md,1,2
6,3,questions/test-06/q003.md,1,2
6,4,questions/test-06/q004.md,1,2
6,5,questions/test-06/q005.md,1,1
6,6,questions/test-06/q006.md,1,3
6,7,questions/test-06/q007.md,1,1
6,8,questions/test-06/q008.md,1,1
6,9,questions/test-06/q009.md,1,1
6,10,questions/test-06/q010.md,1,2
6,11,questions/test-06/q011.md,1,1
6,12,questions/test-06/q012.md,1,1
6,13,questions/test-06/q013.md,2,2
6,14,questions/test-06/q014.md,1,1
6,15,questions/test-06/q015.md,1,1
6,16,questions/test-06/q016.md,2,2
6,17,questions/test-06/q017.md,1,2
6,18,questions/test-06/q018.md,1,2
6,19,questions/test-06/q019.md,2,2
6,20,questions/test-06/q020.md,2,2
6,21,questions/test-06/q021.md,1,2
6,22,questions/test-06/q022.md,1,1
6,23,questions/test-06/q023.md,1,1
6,24,questions/test-06/q024.md,1,1
6,25,questions/test-06/q025.md,1,1
6,26,questions/test-06/q026.md,1,1
6,27,questions/test-06/q027.md,1,2
6,28,questions/test-06/q028.md,1,2
6,29,questions/test-06/q029.md,1,1
6,30,questions/test-06/q030.md,1,1
6,31,questions/test-06/q031.md,1,1
6,32,questions/test-06/q032.md,1,1
6,33,questions/test-06/q033.md,1,3
6,34,questions/test-06/q034.md,1,1
6,35,questions/test-06/q035.md,1,1
6,36,questions/test-06/q036.md,1,1
6,37,questions/test-06/q037.md,1,1
6,38,questions/test-06/q038.md,1,2
6,39,questions/test-06/q039.md,1,3
6,40,questions/test-06/q040.md,1,3
6,41,questions/test-06/q041.md,1,3
6,42,questions/test-06/q042.md,1,2
6,43,questions/test-06/q043.md,1,1
6,44,questions/test-06/q044.md,1,2
6,45,questions/test-06/q045.md,1,2
6,46,questions/test-06/q046.md,1,2
6,47,questions/test-06/q047.md,1,2
6,48,questions/test-06/q048.md,1,2
6,49,questions/test-06/q049.md,1,1
6,50,questions/test-06/q050.md,1,1
6,51,questions/test-06/q051.md,1,1
6,52,questions/test-06/q052.md,1,2
6,53,questions/test-06/q053.md,2,2
6,54,questions/test-06/q054.md,1,2
6,55,questions/test-06/q055.md,1,4
6,56,questions/test-06/q056.md,1,3
6,57,questions/test-06/q057.md,1,2
6,58,questions/test-06/q058.md,1,2
6,59,questions/test-06/q059.md,1,1
6,60,questions/test-06/q060.md,1,2
6,61,questions/test-06/q061.md,1,2
6,62,questions/test-06/q062.md,1,2
6,63,questions/test-06/q063.md,1,2
6,64,questions/test-06/q064.md,1,2
6,65,questions/test-06/q065.md,1,2
6,66,questions/test-06/q066.md,1,2
6,67,questions/test-06/q067.md,1,3
6,68,questions/test-06/q068.md,1,3
6,69,questions/test-06/q069.md,2,4
6,70,questions/test-06/q070.md,1,3
6,71,questions/test-06/q071.md,1,6
6,72,questions/test-06/q072.md,1,1
6,73,questions/test-06/q073.md,1,1
6,84,questions/test-06/q084.md,1,2
6,85,questions/test-06/q085.md,1,1
6,86,questions/test-06/q086.md,1,1
6,87,questions/test-06/q087.md,1,1
6,88,questions/test-06/q088.md,1,2
6,89,questions/test-06/q089.md,1,2
6,90,questions/test-06/q090.md,1,2
